threshold,precision,recall,false_positives,false_negatives,true_positives,true_negatives,total_cost
0.01,0.0345,1.0,5793,0,207,0,28965
0.02,0.08342420937840785,0.7391304347826086,1681,54,153,4112,13805
0.03,0.11898016997167139,0.6086956521739131,933,81,126,4860,12765
0.05,0.1787974683544304,0.5458937198067633,519,94,113,5274,11995
0.1,0.2722063037249284,0.45893719806763283,254,112,95,5539,12470
0.15,0.3183673469387755,0.37681159420289856,167,129,78,5626,13735
0.2,0.3763440860215054,0.33816425120772947,116,137,70,5677,14280
0.3,0.4424778761061947,0.24154589371980675,63,157,50,5730,16015
0.5,0.7419354838709677,0.1111111111111111,8,184,23,5785,18440
